Timestamp (ms),X: (m/s^2),Y: (m/s^2),Z: (m/s^2)
378736,-1,086380,-0,184254,9,909033, 
378816,-1,055272,-0,186647,9,899461, 
378895,-1,057665,-0,181861,9,911426, 
378975,-1,067237,-0,186647,9,889889, 
379055,-1,081594,-0,172289,9,904246, 
379134,-1,067237,-0,193826,9,851603, 
379214,-1,040915,-0,162718,9,928176, 
379293,-1,060058,-0,196218,9,920997, 
379373,-1,083987,-0,172289,9,940140, 
379453,-1,067237,-0,193826,9,918604, 
379533,-1,088773,-0,167504,9,906639, 
379613,-1,076809,-0,189040,9,918604, 
379692,-1,057665,-0,203397,9,918604, 
379772,-1,069630,-0,196218,9,887496, 
379852,-1,031343,-0,210576,9,892282, 
379931,-1,067237,-0,157932,9,894675, 
380011,-1,091166,-0,198611,9,918604, 
380090,-1,005021,-0,210576,9,909033, 
380170,-1,067237,-0,208183,9,906639, 
380250,-1,064844,-0,153146,9,901854, 
380330,-1,076809,-0,177075,9,990392, 
380410,-1,098345,-0,160325,9,920997, 
380489,-1,045701,-0,205790,9,944926, 
380569,-1,052880,-0,177075,9,916211, 
380649,-1,095952,-0,165111,9,899461, 
380728,-1,064844,-0,160325,9,916211, 
380808,-1,024165,-0,217755,9,949712, 
380887,-1,064844,-0,205790,9,885103, 
380967,-1,069630,-0,201004,9,966462, 
381047,-1,048094,-0,193826,9,916211, 
381126,-1,050487,-0,203397,9,944926, 
381206,-1,086380,-0,203397,9,937747, 
381286,-1,062451,-0,157932,9,911426, 
381366,-1,048094,-0,208183,9,947319, 
381446,-1,052880,-0,203397,9,918604, 
381525,-1,050487,-0,181861,9,935354, 
381605,-1,069630,-0,131610,9,909033, 
381684,-1,076809,-0,196218,9,935354, 
381764,-1,050487,-0,165111,9,940140, 
381844,-1,072023,-0,203397,9,911426, 
381923,-1,117488,-0,174682,9,877925, 
382003,-1,031343,-0,165111,9,901854, 
382083,-1,100738,-0,193826,9,952105, 
382163,-1,083987,-0,198611,9,894675, 
382243,-1,105524,-0,143574,9,875532, 
382322,-1,057665,-0,215362,9,904246, 
382402,-1,069630,-0,119645,9,920997, 
382481,-1,062451,-0,193826,9,920997, 
382561,-1,067237,-0,196218,9,925783, 
382641,-1,086380,-0,189040,9,911426, 
382720,-1,062451,-0,136396,9,930569, 
382800,-1,074416,-0,196218,9,971248, 
382879,-1,115095,-0,157932,9,925783, 
382959,-1,055272,-0,184254,9,987998, 
383039,-1,088773,-0,172289,9,901854, 
383119,-1,079202,-0,193826,9,918604, 
383199,-1,095952,-0,203397,9,901854, 
383278,-1,064844,-0,186647,9,873138, 
383358,-1,112702,-0,174682,9,899461, 
383438,-1,131845,-0,172289,9,870746, 
383517,-1,131845,-0,141182,9,894675, 
383597,-1,112702,-0,162718,10,136358, 
383676,-1,028950,-0,181861,9,849210, 
383756,-1,083987,-0,145967,9,997570, 
383836,-1,048094,-0,189040,9,861175, 
383916,-1,050487,-0,184254,9,875532, 
383996,-1,072023,-0,189040,9,906639, 
384075,-1,103131,-0,174682,9,894675, 
384155,-1,033736,-0,184254,9,947319, 
384235,-1,052880,-0,169896,9,868353, 
384314,-1,083987,-0,205790,9,925783, 
384394,-1,069630,-0,217755,9,842031, 
384473,-1,043308,-0,265613,9,966462, 
384553,-0,997843,-0,186647,9,906639, 
384633,-1,050487,-0,193826,9,944926, 
384712,-1,048094,-0,169896,9,940140, 
384792,-1,060058,-0,167504,9,930569, 
384872,-0,990664,-0,167504,9,851603, 
384952,-1,002628,-0,205790,9,906639, 
385032,-1,067237,-0,179468,9,889889, 
385111,-0,997843,-0,174682,9,870746, 
385191,-1,009807,-0,196218,9,928176, 
385270,-1,024165,-0,186647,9,899461, 
385350,-1,083987,-0,203397,9,995177, 
385430,-1,026558,-0,184254,9,952105, 
385509,-1,019379,-0,196218,9,920997, 
385589,-1,064844,-0,174682,9,904246, 
385668,-1,055272,-0,177075,9,880318, 
385748,-1,036129,-0,191433,9,956890, 
385828,-1,036129,-0,215362,9,882710, 
385908,-1,079202,-0,153146,9,937747, 
385988,-1,052880,-0,203397,9,966462, 
386067,-1,028950,-0,184254,9,937747, 
386147,-1,033736,-0,222540,9,932961, 
386227,-1,024165,-0,205790,9,937747, 
389851,-1,016986,-0,181861,9,918604, 
389931,-1,033736,-0,177075,9,925783, 
390010,-1,045701,-0,201004,9,954497, 
390090,-1,095952,-0,193826,9,930569, 
390170,-1,019379,-0,205790,9,932961, 
390250,-1,038522,-0,153146,9,928176, 
390330,-1,093559,-0,191433,9,925783, 
390409,-1,019379,-0,165111,9,928176, 
390489,-1,040915,-0,160325,9,889889, 
390569,-1,050487,-0,136396,9,999963, 
390648,-1,014593,-0,179468,9,906639, 
390728,-1,036129,-0,169896,9,966462, 
390807,-1,014593,-0,212969,9,937747, 
390887,-1,069630,-0,191433,9,978427, 
390967,-1,048094,-0,201004,9,911426, 
391046,-1,038522,-0,184254,9,923389, 
391126,-1,086380,-0,193826,9,925783, 
391206,-1,000236,-0,201004,9,909033, 
391286,-1,055272,-0,179468,9,920997, 
391366,-1,012200,-0,169896,9,920997, 
391445,-0,990664,-0,155539,9,894675, 
391525,-1,076809,-0,167504,9,930569, 
391604,-1,062451,-0,172289,9,937747, 
391684,-1,043308,-0,172289,9,935354, 
391764,-1,055272,-0,196218,9,959284, 
391843,-1,057665,-0,167504,9,932961, 
391923,-1,002628,-0,191433,9,949712, 
392002,-1,072023,-0,193826,9,899461, 
392082,-1,048094,-0,205790,9,940140, 
392162,-1,031343,-0,129217,9,909033, 
392242,-1,021772,-0,165111,9,897068, 
392322,-1,024165,-0,198611,9,901854, 
392401,-1,031343,-0,174682,9,928176, 
392481,-0,995450,-0,165111,9,925783, 
392561,-1,040915,-0,201004,9,944926, 
392640,-1,050487,-0,153146,9,899461, 
392720,-1,038522,-0,189040,9,920997, 
392799,-1,021772,-0,155539,9,918604, 
392879,-1,129453,-0,179468,9,918604, 
392958,-0,997843,-0,177075,9,940140, 
393038,-1,021772,-0,208183,9,894675, 
393118,-1,060058,-0,162718,9,923389, 
393198,-0,995450,-0,181861,9,966462, 
393278,-1,062451,-0,186647,9,937747, 
393357,-1,055272,-0,198611,9,928176, 
393437,-1,072023,-0,189040,9,925783, 
393517,-0,978699,-0,205790,9,976034, 
393596,-1,057665,-0,162718,9,925783, 
393676,-1,026558,-0,191433,9,920997, 
393755,-1,050487,-0,169896,9,909033, 
393835,-1,024165,-0,174682,9,897068, 
393915,-1,036129,-0,198611,9,916211, 
393995,-1,057665,-0,153146,9,930569, 
394075,-1,026558,-0,169896,9,923389, 
394154,-1,050487,-0,153146,9,954497, 
394234,-1,040915,-0,186647,9,940140, 
394314,-1,024165,-0,143574,9,916211, 
394393,-0,993057,-0,198611,9,937747, 
394473,-1,055272,-0,191433,9,880318, 
394552,-1,016986,-0,191433,9,916211, 
394632,-1,050487,-0,179468,9,875532, 
394712,-1,050487,-0,217755,9,968855, 
394791,-1,043308,-0,150753,9,892282, 
394871,-1,055272,-0,193826,9,913818, 
394951,-1,050487,-0,148360,9,894675, 
395031,-1,026558,-0,203397,9,923389, 
395111,-1,021772,-0,155539,9,882710, 
395190,-1,064844,-0,220148,9,930569, 
395270,-1,038522,-0,143574,9,932961, 
395349,-1,067237,-0,174682,9,892282, 
395429,-1,014593,-0,169896,9,923389, 
395509,-1,086380,-0,203397,9,971248, 
395588,-1,009807,-0,172289,9,882710, 
395668,-1,060058,-0,203397,9,913818, 
395748,-1,052880,-0,186647,9,925783, 
395828,-1,033736,-0,184254,9,918604, 
395908,-1,038522,-0,201004,9,944926, 
395987,-1,055272,-0,162718,9,901854, 
396067,-1,036129,-0,222540,9,956890, 
396146,-1,086380,-0,145967,9,956890, 
396226,-1,002628,-0,186647,9,971248, 
396305,-1,024165,-0,186647,9,858782, 
396385,-1,021772,-0,189040,9,964069, 
396465,-1,052880,-0,172289,9,870746, 
396544,-1,028950,-0,191433,9,942533, 
396624,-1,038522,-0,157932,9,901854, 
396704,-1,036129,-0,208183,9,904246, 
396784,-1,052880,-0,191433,9,894675, 
396864,-1,033736,-0,153146,9,928176, 
396943,-1,036129,-0,162718,9,909033, 
397023,-1,067237,-0,189040,9,966462, 
397102,-1,050487,-0,136396,9,909033, 
397182,-1,072023,-0,172289,9,954497, 
397262,-1,052880,-0,177075,9,906639, 
397341,-1,045701,-0,217755,9,928176, 
397421,-1,062451,-0,172289,9,916211, 
397500,-1,038522,-0,177075,9,885103, 
397580,-1,050487,-0,162718,9,916211, 
397660,-1,040915,-0,174682,9,930569, 
397740,-1,050487,-0,160325,9,942533, 
397820,-1,033736,-0,155539,9,940140, 
397899,-0,988271,-0,181861,9,932961, 
397979,-1,045701,-0,157932,9,904246, 
398059,-1,026558,-0,181861,9,909033, 
398138,-1,086380,-0,155539,9,897068, 
398218,-1,064844,-0,165111,9,952105, 
398297,-1,057665,-0,189040,9,920997, 
398377,-1,033736,-0,198611,9,992785, 
398457,-1,043308,-0,189040,9,925783, 
398537,-1,036129,-0,201004,9,990392, 
398617,-1,048094,-0,131610,9,904246, 
398696,-1,062451,-0,203397,9,954497, 
398776,-1,014593,-0,155539,9,906639, 
398856,-1,014593,-0,145967,9,916211, 
398935,-1,083987,-0,162718,9,889889, 
399015,-1,007414,-0,191433,9,935354, 
399094,-1,045701,-0,169896,9,880318, 
399174,-1,050487,-0,205790,9,956890, 
399254,-1,026558,-0,134003,9,901854, 
399333,-1,026558,-0,208183,9,920997, 
399413,-1,067237,-0,167504,9,952105, 
399493,-1,026558,-0,212969,9,911426, 
399573,-1,081594,-0,165111,9,932961, 
399652,-1,026558,-0,193826,9,942533, 
399732,-1,060058,-0,143574,9,901854, 
399812,-1,038522,-0,201004,9,894675, 
399891,-1,060058,-0,177075,9,976034, 
399971,-1,021772,-0,203397,9,935354, 
400050,-1,072023,-0,198611,9,906639, 
400130,-1,045701,-0,174682,9,932961, 
400210,-1,024165,-0,165111,9,944926, 
400290,-1,050487,-0,138789,9,875532, 
400370,-1,016986,-0,203397,9,916211, 
400449,-1,026558,-0,138789,9,851603, 
400529,-1,014593,-0,198611,9,932961, 
400609,-1,079202,-0,145967,9,899461, 
400688,-1,079202,-0,205790,9,964069, 
402586,-1,028950,-0,169896,9,961677, 
402666,-1,019379,-0,193826,9,897068, 
402746,-1,048094,-0,184254,9,909033, 
402826,-1,048094,-0,160325,9,909033, 
402905,-1,045701,-0,177075,9,942533, 
402985,-1,036129,-0,172289,9,949712, 
403065,-1,016986,-0,174682,9,932961, 
403144,-1,021772,-0,191433,9,897068, 
403224,-1,014593,-0,177075,9,920997, 
403303,-1,055272,-0,189040,9,889889, 
403383,-0,981092,-0,224933,9,944926, 
403463,-1,062451,-0,150753,9,952105, 
403542,-0,995450,-0,189040,9,937747, 
403622,-1,040915,-0,155539,9,885103, 
403702,-1,036129,-0,184254,9,916211, 
403782,-1,014593,-0,177075,9,877925, 
403862,-1,050487,-0,181861,9,920997, 
403941,-1,072023,-0,174682,9,925783, 
404021,-1,014593,-0,169896,9,901854, 
404100,-1,012200,-0,222540,9,913818, 
404180,-1,052880,-0,148360,9,906639, 
404260,-1,043308,-0,184254,9,904246, 
404339,-0,990664,-0,203397,9,928176, 
404419,-0,985878,-0,181861,9,904246, 
404499,-1,031343,-0,201004,9,949712, 
404579,-1,009807,-0,205790,9,973641, 
404659,-1,024165,-0,186647,9,920997, 
404738,-1,019379,-0,201004,9,928176, 
404818,-1,012200,-0,160325,9,916211, 
404897,-1,005021,-0,172289,9,935354, 
404977,-1,048094,-0,198611,9,916211, 
405057,-1,021772,-0,186647,9,966462, 
405136,-1,036129,-0,179468,9,906639, 
405216,-1,038522,-0,155539,9,925783, 
405295,-1,050487,-0,134003,9,930569, 
405375,-1,036129,-0,201004,9,930569, 
405455,-1,038522,-0,167504,9,889889, 
405535,-1,060058,-0,205790,9,930569, 
405615,-1,064844,-0,150753,9,911426, 
405694,-1,069630,-0,212969,9,966462, 
405774,-1,062451,-0,198611,9,882710, 
405853,-1,052880,-0,198611,9,980820, 
405933,-1,036129,-0,169896,9,918604, 
406013,-1,043308,-0,165111,9,899461, 
406092,-1,040915,-0,179468,9,935354, 
406172,-1,038522,-0,157932,9,942533, 
406251,-1,033736,-0,157932,9,897068, 
406331,-1,067237,-0,145967,9,923389, 
406411,-1,002628,-0,210576,9,940140, 
406491,-1,048094,-0,177075,9,906639, 
406571,-1,002628,-0,145967,9,913818, 
406650,-1,072023,-0,177075,9,947319, 
406730,-1,050487,-0,189040,9,913818, 
406809,-1,028950,-0,191433,9,873138, 
406889,-1,019379,-0,174682,9,932961, 
406969,-1,033736,-0,184254,9,880318, 
407048,-1,021772,-0,196218,9,935354, 
407128,-1,007414,-0,138789,9,901854, 
407208,-1,064844,-0,136396,9,964069, 
407288,-1,028950,-0,150753,9,949712, 
407368,-1,062451,-0,174682,9,964069, 
407447,-1,074416,-0,153146,9,920997, 
407527,-1,026558,-0,186647,9,942533, 
407606,-1,016986,-0,189040,9,909033, 
407686,-1,050487,-0,196218,9,913818, 
407766,-1,033736,-0,157932,9,901854, 
407845,-1,024165,-0,155539,9,966462, 
407925,-1,012200,-0,179468,9,899461, 
408004,-1,012200,-0,191433,9,899461, 
408084,-1,055272,-0,153146,9,940140, 
408164,-1,060058,-0,169896,9,877925, 
408244,-1,019379,-0,165111,9,937747, 
408324,-1,060058,-0,191433,9,937747, 
408403,-1,021772,-0,150753,9,899461, 
408483,-1,057665,-0,198611,9,947319, 
408562,-1,048094,-0,198611,9,887496, 
408642,-1,026558,-0,177075,9,918604, 
408722,-1,007414,-0,191433,9,942533, 
408801,-1,021772,-0,160325,9,911426, 
408881,-1,031343,-0,208183,9,925783, 
408960,-1,033736,-0,122038,9,887496, 
409040,-1,033736,-0,193826,9,959284, 
409120,-1,050487,-0,160325,9,849210, 
409200,-1,031343,-0,196218,9,949712, 
409280,-1,026558,-0,145967,9,901854, 
409359,-1,045701,-0,198611,9,913818, 
409439,-1,014593,-0,177075,9,909033, 
409519,-1,043308,-0,193826,9,940140, 
409598,-1,050487,-0,203397,9,904246, 
409678,-1,050487,-0,212969,9,909033, 
409757,-1,067237,-0,148360,9,892282, 
409837,-1,052880,-0,217755,9,942533, 
409916,-1,033736,-0,112467,9,865960, 
409996,-1,014593,-0,155539,9,913818, 
410076,-1,016986,-0,184254,9,937747, 
410156,-1,024165,-0,205790,9,942533, 
410236,-1,048094,-0,172289,9,873138, 
410315,-1,033736,-0,167504,9,909033, 
410395,-1,050487,-0,191433,9,964069, 
410475,-1,009807,-0,191433,9,920997, 
410554,-0,990664,-0,186647,9,918604, 
410634,-1,033736,-0,177075,9,916211, 
412261,-1,024165,-0,177075,9,947319, 
412341,-1,040915,-0,148360,9,935354, 
412420,-1,009807,-0,174682,9,954497, 
412500,-1,060058,-0,203397,9,892282, 
412580,-1,038522,-0,169896,9,897068, 
412660,-1,069630,-0,177075,9,901854, 
412740,-1,048094,-0,174682,9,911426, 
412819,-1,002628,-0,160325,9,901854, 
412899,-1,014593,-0,155539,9,944926, 
412978,-1,040915,-0,179468,9,865960, 
413058,-1,043308,-0,191433,9,940140, 
413138,-1,033736,-0,145967,9,897068, 
413217,-1,036129,-0,203397,9,935354, 
413297,-1,043308,-0,203397,9,928176, 
413376,-1,002628,-0,165111,9,930569, 
413456,-1,026558,-0,201004,9,928176, 
413536,-1,086380,-0,181861,9,894675, 
413616,-1,040915,-0,215362,9,937747, 
413696,-1,045701,-0,148360,9,882710, 
413775,-1,055272,-0,155539,9,930569, 
413855,-1,016986,-0,155539,9,928176, 
413935,-1,028950,-0,172289,9,947319, 
414014,-1,033736,-0,160325,9,940140, 
414094,-1,050487,-0,205790,9,906639, 
414173,-1,024165,-0,174682,9,930569, 
414253,-1,038522,-0,193826,9,932961, 
414333,-1,050487,-0,198611,9,892282, 
414413,-1,057665,-0,150753,9,930569, 
414493,-1,038522,-0,160325,9,940140, 
414572,-1,012200,-0,177075,9,909033, 
414652,-1,033736,-0,212969,9,901854, 
414731,-1,012200,-0,172289,9,873138, 
414811,-1,028950,-0,212969,9,899461, 
414891,-1,038522,-0,210576,9,942533, 
414970,-1,052880,-0,181861,9,930569, 
415050,-1,057665,-0,181861,9,935354, 
415129,-1,079202,-0,193826,9,906639, 
415209,-1,050487,-0,196218,9,940140, 
415289,-1,005021,-0,169896,9,954497, 
415369,-1,043308,-0,189040,9,918604, 
415449,-1,064844,-0,157932,9,916211, 
415528,-1,045701,-0,191433,9,875532, 
415608,-1,031343,-0,208183,9,911426, 
415688,-1,031343,-0,160325,9,930569, 
415767,-1,026558,-0,179468,9,935354, 
415847,-1,033736,-0,143574,9,889889, 
415926,-1,031343,-0,177075,9,932961, 
416006,-1,024165,-0,169896,9,942533, 
416085,-1,012200,-0,167504,9,942533, 
416165,-1,009807,-0,184254,9,909033, 
416245,-1,021772,-0,155539,9,942533, 
416325,-1,028950,-0,172289,9,913818, 
416405,-1,031343,-0,210576,9,954497, 
416484,-1,024165,-0,169896,9,923389, 
416564,-1,038522,-0,208183,9,916211, 
416644,-1,026558,-0,189040,9,928176, 
416723,-1,019379,-0,198611,9,944926, 
416803,-0,985878,-0,177075,9,916211, 
416882,-1,045701,-0,186647,9,925783, 
416962,-1,026558,-0,165111,9,904246, 
417042,-1,040915,-0,179468,9,875532, 
417122,-1,050487,-0,177075,9,930569, 
417202,-1,055272,-0,162718,9,892282, 
417281,-1,057665,-0,174682,9,949712, 
417361,-1,024165,-0,162718,9,906639, 
417441,-1,050487,-0,189040,9,923389, 
417520,-1,033736,-0,162718,9,877925, 
417600,-1,005021,-0,172289,9,961677, 
417679,-1,057665,-0,143574,9,923389, 
417759,-1,031343,-0,165111,9,971248, 
417839,-0,990664,-0,203397,9,877925, 
417918,-1,052880,-0,203397,9,918604, 
417998,-1,038522,-0,210576,9,899461, 
418078,-1,036129,-0,174682,9,918604, 
418158,-1,040915,-0,165111,9,959284, 
418238,-1,012200,-0,165111,9,920997, 
418317,-1,050487,-0,198611,9,925783, 
418397,-1,031343,-0,210576,9,880318, 
418476,-1,019379,-0,165111,9,949712, 
418556,-1,021772,-0,181861,9,889889, 
418636,-1,014593,-0,210576,9,928176, 
418715,-1,005021,-0,193826,9,887496, 
418795,-1,026558,-0,203397,9,952105, 
418875,-1,043308,-0,177075,9,925783, 
418955,-1,057665,-0,220148,9,920997, 
419034,-1,043308,-0,155539,9,851603, 
419114,-1,016986,-0,184254,9,968855, 
419194,-1,031343,-0,148360,9,899461, 
419273,-1,024165,-0,177075,9,889889, 
419353,-1,040915,-0,172289,9,889889, 
419432,-1,045701,-0,143574,9,916211, 
419512,-1,033736,-0,148360,9,885103, 
419592,-1,050487,-0,181861,9,956890, 
419671,-1,045701,-0,145967,9,906639, 
419751,-1,060058,-0,203397,9,944926, 
419831,-1,095952,-0,201004,9,928176, 
419911,-1,060058,-0,191433,9,932961, 
419991,-1,026558,-0,162718,9,889889, 
420070,-1,038522,-0,181861,9,920997, 
420150,-1,009807,-0,179468,9,944926, 
420229,-1,021772,-0,196218,9,918604, 
420309,-1,028950,-0,177075,9,944926, 
420389,-1,045701,-0,162718,9,920997, 
420468,-1,031343,-0,141182,9,959284, 
420548,-1,033736,-0,136396,9,885103, 
420627,-1,062451,-0,174682,9,978427, 
420707,-0,997843,-0,165111,9,949712, 
420787,-0,990664,-0,210576,9,923389, 
420867,-1,000236,-0,134003,9,858782, 
420947,-1,031343,-0,227326,9,940140, 
421026,-1,048094,-0,177075,9,880318, 
421106,-1,043308,-0,189040,9,930569, 
421186,-1,060058,-0,160325,9,863567, 
421265,-1,055272,-0,212969,9,918604, 
421345,-0,981092,-0,167504,9,909033, 
421424,-1,002628,-0,157932,9,928176, 
421504,-1,043308,-0,160325,9,877925, 
421584,-0,985878,-0,208183,9,932961, 
437192,-1,024165,-0,186647,9,940140, 
437272,-1,033736,-0,162718,9,923389, 
437351,-1,021772,-0,165111,9,937747, 
437431,-1,036129,-0,167504,9,916211, 
437511,-1,033736,-0,157932,9,918604, 
437590,-1,019379,-0,196218,9,940140, 
437670,-1,012200,-0,165111,9,899461, 
437750,-1,012200,-0,198611,9,918604, 
437830,-1,021772,-0,193826,9,911426, 
437910,-0,988271,-0,181861,9,964069, 
437989,-1,045701,-0,145967,9,932961, 
438069,-1,012200,-0,162718,9,952105, 
438148,-1,043308,-0,141182,9,897068, 
438228,-1,012200,-0,196218,9,942533, 
438307,-1,067237,-0,145967,9,870746, 
438387,-1,024165,-0,201004,9,937747, 
438467,-1,057665,-0,157932,9,918604, 
438546,-1,009807,-0,205790,10,002356, 
438626,-1,005021,-0,110074,9,885103, 
438706,-1,038522,-0,189040,9,956890, 
438786,-1,019379,-0,153146,9,928176, 
438866,-1,012200,-0,143574,9,980820, 
438945,-0,978699,-0,169896,9,920997, 
439025,-1,028950,-0,191433,9,909033, 
439104,-1,016986,-0,148360,9,932961, 
439184,-1,031343,-0,167504,9,913818, 
439264,-1,048094,-0,167504,9,954497, 
439343,-1,052880,-0,186647,9,889889, 
439423,-1,009807,-0,179468,9,944926, 
439502,-1,052880,-0,184254,9,913818, 
439582,-1,107916,-0,162718,9,913818, 
439662,-1,016986,-0,162718,9,887496, 
439742,-1,045701,-0,184254,9,906639, 
439822,-1,048094,-0,153146,9,894675, 
439901,-1,009807,-0,186647,9,913818, 
439981,-1,038522,-0,167504,9,920997, 
440061,-1,076809,-0,205790,9,956890, 
440140,-1,048094,-0,184254,9,928176, 
440220,-1,043308,-0,172289,9,949712, 
440299,-1,069630,-0,162718,9,918604, 
440379,-1,048094,-0,193826,9,944926, 
440459,-1,021772,-0,131610,9,897068, 
440539,-1,012200,-0,203397,9,976034, 
440619,-1,048094,-0,160325,9,894675, 
440698,-1,026558,-0,134003,9,954497, 
440778,-1,043308,-0,153146,9,909033, 
440858,-1,016986,-0,229719,9,930569, 
440937,-1,019379,-0,157932,9,899461, 
441017,-0,988271,-0,181861,9,932961, 
441096,-1,028950,-0,172289,9,906639, 
441176,-1,012200,-0,143574,9,925783, 
441255,-1,033736,-0,162718,9,947319, 
441335,-1,045701,-0,126824,9,937747, 
441415,-1,062451,-0,162718,9,904246, 
441495,-1,052880,-0,157932,9,923389, 
441575,-1,000236,-0,155539,9,877925, 
441654,-1,016986,-0,196218,9,937747, 
441734,-1,007414,-0,155539,9,892282, 
441814,-0,995450,-0,136396,9,913818, 
441893,-1,019379,-0,205790,9,944926, 
441973,-1,014593,-0,145967,9,894675, 
442052,-1,009807,-0,205790,9,920997, 
442132,-1,033736,-0,160325,9,925783, 
442212,-1,050487,-0,165111,9,894675, 
442291,-1,043308,-0,167504,9,930569, 
442371,-1,040915,-0,181861,9,954497, 
442451,-1,045701,-0,157932,9,913818, 
442531,-1,062451,-0,193826,9,918604, 
442611,-1,052880,-0,150753,9,901854, 
442690,-0,997843,-0,179468,9,909033, 
442770,-1,024165,-0,160325,9,928176, 
442849,-1,021772,-0,193826,9,930569, 
442929,-1,012200,-0,153146,9,964069, 
443009,-1,040915,-0,165111,9,918604, 
443088,-1,033736,-0,172289,9,906639, 
443168,-1,062451,-0,157932,9,944926, 
443248,-1,016986,-0,174682,9,935354, 
443328,-1,014593,-0,179468,9,940140, 
443408,-1,055272,-0,141182,9,940140, 
443487,-1,038522,-0,203397,9,894675, 
443567,-1,007414,-0,157932,9,918604, 
443646,-1,038522,-0,174682,9,918604, 
443726,-1,000236,-0,174682,9,913818, 
443806,-1,000236,-0,155539,9,894675, 
443885,-1,014593,-0,177075,9,954497, 
443965,-1,014593,-0,184254,9,932961, 
444044,-1,014593,-0,181861,9,935354, 
444124,-0,985878,-0,210576,9,930569, 
444204,-1,012200,-0,196218,9,976034, 
444284,-1,033736,-0,162718,9,901854, 
444364,-1,026558,-0,212969,9,925783, 
444443,-0,997843,-0,172289,9,870746, 
444523,-1,026558,-0,196218,9,937747, 
444603,-1,028950,-0,189040,9,863567, 
446777,-1,033736,-0,174682,9,916211, 
446857,-1,036129,-0,198611,9,959284, 
446936,-1,040915,-0,169896,9,877925, 
447016,-0,995450,-0,186647,9,952105, 
447096,-1,045701,-0,131610,9,863567, 
447175,-1,036129,-0,198611,9,961677, 
447255,-0,995450,-0,143574,9,880318, 
447334,-1,024165,-0,162718,9,899461, 
447414,-1,024165,-0,179468,9,913818, 
447494,-0,997843,-0,186647,9,947319, 
447574,-1,064844,-0,129217,9,964069, 
447654,-0,993057,-0,196218,9,980820, 
447733,-1,014593,-0,136396,9,923389, 
447813,-1,007414,-0,162718,9,983212, 
447893,-1,052880,-0,138789,9,913818, 
447972,-1,036129,-0,189040,9,949712, 
448052,-1,028950,-0,150753,9,959284, 
448131,-1,000236,-0,186647,9,901854, 
448211,-1,009807,-0,189040,9,935354, 
448291,-0,995450,-0,179468,9,947319, 
448371,-1,019379,-0,169896,9,916211, 
448451,-1,031343,-0,184254,9,918604, 
448530,-1,002628,-0,169896,9,947319, 
448610,-1,026558,-0,155539,9,928176, 
448689,-1,043308,-0,177075,9,976034, 
448769,-1,021772,-0,143574,9,853995, 
448849,-1,014593,-0,205790,9,940140, 
448928,-0,988271,-0,157932,9,920997, 
449008,-0,997843,-0,191433,9,961677, 
449087,-1,031343,-0,145967,9,865960, 
449167,-1,016986,-0,174682,9,980820, 
449247,-1,040915,-0,117252,9,925783, 
449327,-1,007414,-0,181861,9,923389, 
449407,-1,048094,-0,138789,9,923389, 
449486,-1,005021,-0,189040,9,952105, 
449566,-0,993057,-0,162718,9,913818, 
449646,-1,014593,-0,220148,9,930569, 
449725,-1,043308,-0,174682,9,928176, 
449805,-1,038522,-0,186647,9,901854, 
449884,-1,021772,-0,112467,9,925783, 
449964,-1,005021,-0,177075,9,956890, 
450044,-1,052880,-0,210576,9,923389, 
450124,-1,048094,-0,184254,9,916211, 
450204,-1,009807,-0,143574,9,897068, 
450283,-1,052880,-0,141182,9,930569, 
450363,-0,997843,-0,167504,9,925783, 
450443,-1,040915,-0,148360,9,901854, 
450522,-1,007414,-0,141182,9,916211, 
450602,-1,048094,-0,153146,9,916211, 
450681,-1,033736,-0,198611,9,932961, 
450761,-1,057665,-0,157932,9,925783, 
450841,-1,007414,-0,174682,9,923389, 
450920,-1,019379,-0,179468,9,930569, 
451000,-1,031343,-0,184254,9,949712, 
451080,-1,009807,-0,134003,9,930569, 
451160,-0,978699,-0,186647,9,909033, 
451240,-1,014593,-0,119645,9,885103, 
451319,-0,971521,-0,191433,9,930569, 
451399,-1,048094,-0,112467,9,897068, 
451478,-0,971521,-0,201004,9,920997, 
451558,-0,997843,-0,143574,9,904246, 
451638,-0,961949,-0,160325,9,942533, 
451717,-0,995450,-0,110074,9,942533, 
451797,-0,993057,-0,169896,9,937747, 
451876,-1,033736,-0,150753,9,887496, 
451956,-1,002628,-0,205790,9,932961, 
452036,-0,997843,-0,189040,9,937747, 
452116,-1,000236,-0,138789,9,940140, 
452196,-0,981092,-0,169896,9,925783, 
452275,-0,990664,-0,169896,9,916211, 
452355,-0,981092,-0,174682,9,928176, 
452435,-1,007414,-0,167504,9,949712, 
452514,-0,971521,-0,179468,9,935354, 
452594,-0,997843,-0,215362,9,882710, 
452673,-0,995450,-0,157932,9,901854, 
452753,-0,973914,-0,165111,9,932961, 
452833,-1,024165,-0,155539,9,968855, 
452913,-1,002628,-0,153146,9,913818, 
452993,-0,973914,-0,217755,9,961677, 
453072,-1,040915,-0,131610,9,906639, 
453152,-0,995450,-0,191433,9,971248, 
453232,-1,026558,-0,181861,9,909033, 
453311,-1,000236,-0,160325,9,937747, 
453391,-0,985878,-0,169896,9,961677, 
453470,-0,978699,-0,177075,9,923389, 
453550,-1,009807,-0,160325,9,892282, 
453629,-1,019379,-0,165111,9,949712, 
453709,-0,952377,-0,157932,9,901854, 
453789,-1,000236,-0,201004,9,944926, 
453869,-1,009807,-0,174682,9,901854, 
453949,-0,997843,-0,165111,9,892282, 
454028,-0,997843,-0,143574,9,956890, 
454108,-1,021772,-0,169896,9,928176, 
454188,-0,990664,-0,157932,9,918604, 
454267,-1,021772,-0,198611,10,002356, 
454347,-1,009807,-0,181861,9,968855, 
454426,-0,983485,-0,155539,9,944926, 
454506,-0,993057,-0,184254,9,954497, 
454586,-0,983485,-0,160325,9,885103, 
454666,-0,969128,-0,160325,9,959284, 
454746,-1,040915,-0,177075,9,920997, 
454825,-1,014593,-0,205790,9,920997, 
454905,-1,007414,-0,114860,9,916211, 
456585,-1,016986,-0,193826,9,925783, 
456665,-0,973914,-0,172289,9,947319, 
456745,-0,952377,-0,181861,9,882710, 
456825,-1,031343,-0,184254,9,966462, 
456905,-1,007414,-0,153146,9,942533, 
456984,-1,009807,-0,160325,9,966462, 
457064,-1,019379,-0,172289,9,913818, 
457143,-0,997843,-0,179468,9,978427, 
457223,-1,009807,-0,167504,9,882710, 
457303,-1,002628,-0,189040,9,942533, 
457382,-0,969128,-0,148360,9,906639, 
457462,-1,014593,-0,165111,9,961677, 
457541,-0,981092,-0,184254,9,961677, 
457621,-1,026558,-0,198611,9,949712, 
457701,-1,002628,-0,179468,9,904246, 
457781,-1,000236,-0,153146,9,937747, 
457861,-0,983485,-0,134003,9,947319, 
457940,-0,988271,-0,177075,9,944926, 
458020,-1,016986,-0,169896,9,930569, 
458099,-1,007414,-0,174682,9,956890, 
458179,-1,021772,-0,198611,9,944926, 
458259,-0,954770,-0,169896,9,928176, 
458338,-1,005021,-0,169896,9,930569, 
458418,-0,978699,-0,196218,9,930569, 
458498,-1,007414,-0,160325,9,952105, 
458578,-1,002628,-0,179468,9,906639, 
458658,-1,024165,-0,162718,9,913818, 
458737,-1,002628,-0,162718,9,892282, 
458817,-1,009807,-0,224933,9,954497, 
458896,-0,954770,-0,150753,9,894675, 
458976,-1,021772,-0,191433,9,932961, 
459056,-0,990664,-0,129217,9,897068, 
459135,-0,942806,-0,174682,9,983212, 
459215,-1,028950,-0,189040,9,911426, 
459294,-1,002628,-0,198611,9,954497, 
459374,-0,983485,-0,155539,9,899461, 
459454,-0,985878,-0,162718,9,971248, 
459534,-0,985878,-0,165111,9,976034, 
459614,-0,990664,-0,189040,9,942533, 
459693,-1,000236,-0,141182,9,904246, 
459773,-0,981092,-0,198611,9,940140, 
459853,-0,981092,-0,167504,9,961677, 
459932,-0,990664,-0,141182,9,913818, 
460012,-0,995450,-0,198611,9,911426, 
460091,-0,978699,-0,203397,9,918604, 
460171,-0,993057,-0,155539,9,954497, 
460251,-0,997843,-0,169896,9,889889, 
460331,-1,028950,-0,217755,9,952105, 
460411,-1,019379,-0,208183,9,904246, 
460490,-0,971521,-0,205790,9,928176, 
460570,-0,981092,-0,162718,9,913818, 
460650,-0,981092,-0,251255,9,952105, 
460729,-1,050487,-0,155539,9,932961, 
460809,-1,000236,-0,174682,9,923389, 
460888,-0,997843,-0,153146,9,930569, 
460968,-0,971521,-0,174682,9,952105, 
461048,-0,985878,-0,141182,9,909033, 
461127,-1,016986,-0,191433,9,959284, 
461207,-1,007414,-0,162718,9,923389, 
461287,-0,966735,-0,179468,9,959284, 
461367,-1,045701,-0,198611,9,935354, 
461447,-1,012200,-0,179468,9,940140, 
461526,-1,009807,-0,138789,9,868353, 
461606,-0,957163,-0,174682,9,959284, 
461685,-1,000236,-0,131610,9,909033, 
461765,-1,009807,-0,215362,9,901854, 
461845,-0,997843,-0,177075,9,880318, 
461924,-0,971521,-0,179468,9,935354, 
462004,-0,993057,-0,157932,9,928176, 
462083,-0,973914,-0,174682,9,935354, 
462163,-1,012200,-0,205790,9,949712, 
462243,-0,978699,-0,177075,9,932961, 
462323,-1,005021,-0,181861,9,959284, 
462403,-0,993057,-0,186647,9,940140, 
462482,-1,002628,-0,153146,9,920997, 
462562,-1,040915,-0,212969,9,932961, 
462641,-0,995450,-0,150753,9,920997, 
462721,-1,031343,-0,131610,9,889889, 
462801,-0,973914,-0,205790,9,976034, 
462880,-0,997843,-0,138789,9,887496, 
462960,-1,038522,-0,220148,9,947319, 
463040,-0,997843,-0,131610,9,954497, 
463120,-1,043308,-0,193826,9,973641, 
463200,-1,000236,-0,141182,9,923389, 
463279,-0,976306,-0,196218,9,930569, 
463359,-0,985878,-0,160325,9,923389, 
463438,-0,997843,-0,177075,9,983212, 
463518,-1,012200,-0,129217,9,904246, 
463598,-0,966735,-0,217755,9,964069, 
463677,-1,000236,-0,162718,9,885103, 
463757,-0,985878,-0,169896,9,949712, 
463836,-1,052880,-0,169896,9,930569, 
463916,-0,993057,-0,184254,9,959284, 
463996,-0,988271,-0,191433,9,925783, 
464076,-0,988271,-0,155539,9,956890, 
464156,-1,007414,-0,148360,9,889889, 
464235,-0,988271,-0,186647,9,909033, 
464315,-1,028950,-0,167504,9,882710, 
464395,-1,014593,-0,181861,9,923389, 
464474,-1,000236,-0,184254,9,925783, 
464554,-1,024165,-0,145967,9,947319, 
464633,-1,028950,-0,157932,9,952105, 
465857,-0,983485,-0,181861,9,947319, 
465937,-1,021772,-0,119645,9,928176, 
466016,-0,988271,-0,172289,9,920997, 
466096,-1,038522,-0,143574,9,930569, 
466176,-0,988271,-0,191433,9,959284, 
466255,-1,026558,-0,148360,9,918604, 
466335,-1,000236,-0,193826,9,959284, 
466415,-1,000236,-0,162718,9,916211, 
466495,-1,002628,-0,203397,9,923389, 
466575,-0,997843,-0,198611,9,923389, 
466654,-1,009807,-0,141182,9,880318, 
466734,-0,997843,-0,169896,9,952105, 
466813,-0,973914,-0,172289,9,923389, 
466893,-0,983485,-0,157932,9,932961, 
466972,-1,012200,-0,184254,9,944926, 
467052,-1,019379,-0,165111,9,944926, 
467132,-1,000236,-0,131610,9,918604, 
467211,-0,983485,-0,165111,9,956890, 
467291,-0,993057,-0,169896,9,913818, 
467371,-0,995450,-0,181861,9,920997, 
467451,-1,024165,-0,167504,9,918604, 
467531,-0,993057,-0,189040,9,920997, 
467610,-1,012200,-0,141182,9,954497, 
467690,-1,009807,-0,193826,9,949712, 
467769,-0,923663,-0,189040,9,877925, 
467849,-1,007414,-0,191433,9,944926, 
467929,-1,014593,-0,179468,9,932961, 
468008,-1,005021,-0,191433,9,999963, 
468088,-1,009807,-0,124431,9,897068, 
468167,-1,038522,-0,155539,9,906639, 
468247,-0,985878,-0,160325,9,930569, 
468327,-0,993057,-0,184254,9,928176, 
468407,-0,997843,-0,145967,9,923389, 
468487,-0,990664,-0,172289,9,920997, 
468566,-0,976306,-0,186647,9,906639, 
468646,-1,045701,-0,169896,9,913818, 
468726,-0,981092,-0,157932,9,913818, 
468805,-1,033736,-0,172289,9,870746, 
468885,-1,000236,-0,172289,9,976034, 
468964,-0,995450,-0,169896,9,923389, 
469044,-0,969128,-0,169896,9,923389, 
469124,-1,009807,-0,148360,9,935354, 
469204,-0,969128,-0,155539,9,925783, 
469284,-0,988271,-0,172289,9,897068, 
469363,-1,005021,-0,179468,9,911426, 
469443,-0,995450,-0,160325,9,916211, 
469522,-0,993057,-0,177075,9,968855, 
469602,-1,021772,-0,167504,9,911426, 
469682,-1,009807,-0,143574,9,944926, 
469761,-0,973914,-0,160325,9,930569, 
469841,-0,993057,-0,165111,9,947319, 
469920,-1,000236,-0,153146,9,942533, 
470000,-1,014593,-0,205790,9,928176, 
470080,-1,038522,-0,162718,9,880318, 
470160,-0,976306,-0,150753,9,913818, 
470240,-1,016986,-0,193826,9,920997, 
470319,-0,985878,-0,129217,9,923389, 
470399,-1,026558,-0,172289,9,930569, 
470479,-1,024165,-0,172289,9,949712, 
470558,-1,000236,-0,157932,9,925783, 
470638,-1,012200,-0,179468,9,947319, 
470717,-1,009807,-0,157932,9,911426, 
470797,-1,026558,-0,172289,9,937747, 
470877,-1,031343,-0,174682,9,897068, 
470957,-0,985878,-0,155539,9,923389, 
471037,-0,976306,-0,198611,9,913818, 
471116,-1,002628,-0,143574,9,868353, 
471196,-1,028950,-0,174682,9,935354, 
471276,-0,985878,-0,169896,9,916211, 
471355,-1,016986,-0,174682,9,923389, 
471435,-1,012200,-0,148360,9,913818, 
471514,-0,995450,-0,160325,9,923389, 
471594,-1,007414,-0,181861,9,928176, 
471674,-0,985878,-0,191433,9,920997, 
471753,-0,961949,-0,129217,9,980820, 
471833,-0,973914,-0,191433,9,930569, 
471913,-1,009807,-0,131610,9,961677, 
471993,-0,981092,-0,160325,9,932961, 
472073,-1,002628,-0,162718,9,916211, 
472152,-1,024165,-0,169896,9,980820, 
472232,-0,993057,-0,155539,9,865960, 
472311,-0,985878,-0,177075,9,885103, 
472391,-1,005021,-0,155539,9,961677, 
472471,-1,005021,-0,119645,9,916211, 
472550,-0,988271,-0,141182,9,973641, 
472630,-0,966735,-0,177075,9,916211, 
472709,-1,019379,-0,167504,9,959284, 
472789,-1,000236,-0,165111,9,918604, 
472869,-0,997843,-0,150753,9,971248, 
472949,-1,026558,-0,136396,9,932961, 
473029,-1,028950,-0,184254,9,959284, 
473108,-1,031343,-0,150753,9,909033, 
473188,-1,028950,-0,215362,9,918604, 
473267,-0,981092,-0,143574,9,904246, 
473347,-0,983485,-0,167504,9,952105, 
473427,-1,007414,-0,198611,9,947319, 
473506,-1,009807,-0,186647,9,997570, 
473586,-0,985878,-0,148360,9,899461, 
473666,-0,981092,-0,177075,9,940140, 
473746,-0,988271,-0,162718,9,923389, 
473826,-1,012200,-0,177075,9,913818, 
473905,-1,038522,-0,165111,9,940140, 
473985,-0,988271,-0,201004,9,968855, 
474064,-1,016986,-0,169896,9,952105, 
474144,-0,995450,-0,155539,9,916211, 
474224,-1,000236,-0,186647,9,971248, 
474303,-1,005021,-0,186647,9,930569, 
474383,-1,005021,-0,174682,9,925783, 
474462,-1,036129,-0,162718,9,906639, 
474542,-0,990664,-0,169896,9,952105, 
474622,-0,985878,-0,153146,9,906639, 
476072,-1,007414,-0,181861,9,875532, 
476152,-0,985878,-0,177075,9,978427, 
476231,-1,005021,-0,162718,9,865960, 
476311,-0,983485,-0,212969,9,971248, 
476391,-0,997843,-0,165111,9,930569, 
476470,-1,000236,-0,193826,9,964069, 
476550,-1,026558,-0,189040,9,928176, 
476629,-0,973914,-0,205790,9,904246, 
476709,-1,028950,-0,155539,9,920997, 
476789,-0,983485,-0,172289,9,949712, 
476869,-0,966735,-0,160325,9,897068, 
476949,-0,995450,-0,181861,9,966462, 
477028,-0,995450,-0,169896,9,923389, 
477108,-1,016986,-0,212969,9,949712, 
477187,-0,995450,-0,189040,9,923389, 
477267,-1,033736,-0,196218,9,971248, 
477347,-0,973914,-0,167504,9,959284, 
477426,-0,985878,-0,222540,9,901854, 
477506,-1,012200,-0,143574,9,937747, 
477585,-1,024165,-0,150753,9,987998, 
477665,-1,024165,-0,177075,9,971248, 
477745,-1,000236,-0,162718,9,930569, 
477825,-1,005021,-0,177075,9,954497, 
477905,-1,009807,-0,203397,9,904246, 
477984,-1,007414,-0,162718,9,923389, 
478064,-0,976306,-0,155539,9,916211, 
478144,-0,978699,-0,189040,9,940140, 
478223,-0,971521,-0,162718,9,906639, 
478303,-0,961949,-0,191433,9,913818, 
478382,-0,997843,-0,162718,9,875532, 
478462,-1,019379,-0,198611,9,973641, 
478542,-1,000236,-0,157932,9,944926, 
478622,-0,988271,-0,222540,9,928176, 
478702,-1,002628,-0,212969,9,925783, 
478781,-0,954770,-0,174682,9,932961, 
478861,-1,000236,-0,174682,9,901854, 
478941,-0,988271,-0,210576,9,973641, 
479020,-1,033736,-0,167504,9,916211, 
479100,-0,969128,-0,189040,9,937747, 
479179,-1,033736,-0,155539,9,918604, 
479259,-0,988271,-0,193826,9,947319, 
479339,-0,997843,-0,184254,9,918604, 
479418,-1,012200,-0,210576,9,928176, 
479498,-1,024165,-0,208183,9,961677, 
479578,-0,988271,-0,160325,9,928176, 
479658,-1,007414,-0,179468,9,949712, 
479737,-1,000236,-0,177075,9,928176, 
479817,-0,997843,-0,179468,9,923389, 
479897,-0,966735,-0,153146,9,901854, 
479976,-0,993057,-0,205790,9,952105, 
480056,-1,009807,-0,174682,9,928176, 
480135,-1,040915,-0,212969,9,968855, 
480215,-1,016986,-0,155539,9,911426, 
480295,-0,981092,-0,198611,9,928176, 
480375,-0,983485,-0,157932,9,966462, 
480455,-0,990664,-0,215362,9,899461, 
480534,-0,971521,-0,177075,9,904246, 
480614,-0,993057,-0,160325,9,944926, 
480694,-0,966735,-0,162718,9,935354, 
480773,-0,978699,-0,210576,9,968855, 
480853,-0,935627,-0,165111,9,906639, 
480932,-0,959556,-0,189040,9,976034, 
481012,-0,981092,-0,148360,9,932961, 
481092,-0,966735,-0,165111,9,889889, 
481171,-1,002628,-0,191433,9,942533, 
481251,-1,002628,-0,205790,9,940140, 
481331,-0,969128,-0,172289,9,911426, 
481411,-0,985878,-0,208183,9,944926, 
481491,-0,983485,-0,160325,9,930569, 
481570,-0,973914,-0,208183,9,901854, 
481650,-0,949984,-0,222540,9,911426, 
481729,-0,981092,-0,169896,9,916211, 
481809,-0,981092,-0,184254,9,925783, 
481889,-1,005021,-0,162718,9,937747, 
481968,-0,966735,-0,191433,9,913818, 
482048,-0,978699,-0,126824,9,916211, 
482127,-1,012200,-0,203397,9,935354, 
482207,-0,985878,-0,165111,9,937747, 
482287,-1,007414,-0,222540,9,932961, 
482367,-1,014593,-0,172289,9,949712, 
482447,-0,990664,-0,172289,9,961677, 
482526,-1,002628,-0,160325,9,913818, 
482606,-0,997843,-0,201004,9,913818, 
482686,-1,024165,-0,172289,9,909033, 
482765,-1,007414,-0,174682,9,947319, 
482845,-0,997843,-0,215362,9,959284, 
482924,-1,005021,-0,165111,9,913818, 
483004,-1,016986,-0,196218,9,961677, 
483083,-0,978699,-0,186647,9,937747, 
483163,-0,997843,-0,208183,9,913818, 
483243,-1,005021,-0,153146,9,940140, 
483323,-1,033736,-0,201004,9,971248, 
483403,-1,009807,-0,177075,9,935354, 
483482,-0,995450,-0,165111,9,971248, 
483562,-0,997843,-0,186647,9,944926, 
483642,-0,978699,-0,169896,9,920997, 
483721,-0,971521,-0,174682,9,913818, 
483801,-0,969128,-0,220148,9,942533, 
483880,-0,995450,-0,177075,9,887496, 
483960,-0,983485,-0,181861,9,942533, 
484040,-1,005021,-0,162718,9,870746, 
484120,-0,976306,-0,169896,9,932961, 
484200,-0,993057,-0,153146,9,877925, 
484279,-0,993057,-0,191433,9,930569, 
484359,-0,997843,-0,181861,9,894675, 
484439,-0,993057,-0,196218,9,918604, 
484518,-0,957163,-0,184254,9,920997, 
484598,-0,969128,-0,167504,9,923389, 
484677,-0,985878,-0,141182,9,940140, 
484757,-1,005021,-0,145967,9,928176, 
484837,-1,033736,-0,205790,9,947319, 
484916,-0,997843,-0,165111,9,904246, 
484996,-0,983485,-0,210576,9,971248, 
485076,-1,012200,-0,189040,9,937747, 
485156,-0,990664,-0,145967,9,916211, 
485236,-1,026558,-0,179468,9,942533, 
485315,-0,971521,-0,189040,9,935354, 
485395,-0,983485,-0,203397,9,935354, 
485474,-0,997843,-0,191433,9,923389, 
485554,-1,043308,-0,162718,9,971248, 
485633,-1,016986,-0,177075,9,906639, 
485713,-0,990664,-0,117252,9,928176, 
485793,-0,959556,-0,201004,9,925783, 
